{"val_loss": [1.2032115589141845, 1.0690799160003661, 1.0671150100708007, 1.0616491306304932, 1.072021509361267], "loss": [6.833431853981018, 1.089681886177063, 1.0700130611801149, 1.060298385734558, 1.0542634868240357]}